,date,avg_prob_intergroup,avg_prob_moral,avg_prob_emotion,avg_prob_other,avg_is_political,avg_is_not_political,avg_is_political_left,avg_is_political_right,avg_is_political_moderate,avg_is_political_unclear,avg_prob_toxic,avg_prob_severe_toxic,avg_prob_identity_attack,avg_prob_insult,avg_prob_profanity,avg_prob_threat,avg_prob_affinity,avg_prob_compassion,avg_prob_constructive,avg_prob_curiosity,avg_prob_nuance,avg_prob_personal_story,avg_prob_reasoning,avg_prob_respect,avg_prob_alienation,avg_prob_fearmongering,avg_prob_generalization,avg_prob_moral_outrage,avg_prob_scapegoating,avg_prob_sexually_explicit,avg_prob_flirtation,avg_prob_spam,source
0,2024-09-28,0.1591611196148189,0.13646195698632288,0.3055387065487475,0.3408844046233006,0.1913564826380215,0.8086435173619785,0.07703740401288085,0.010651473866732722,0.0,0.10156056477582363,0.1300159174316608,0.014606042831992324,0.023553702154946312,0.06902000413775715,0.08293937305499247,0.02332150026364777,0.5438449170910687,0.37155968080381335,0.16613571988731413,0.32162966652282987,0.16478868646590566,0.5248993528906172,0.16613571988731413,0.6077685607977924,0.30047601241144006,0.48579433496399893,0.30608894084435523,0.2868940614475414,0.3810228386161716,0.0447631696309433,0.349241612796287,0.22419057074364274,firehose
0,2024-09-29,0.1544282261821912,0.13029974423901775,0.32117804853318016,0.3490749734713837,0.1701388888888889,0.8298611111111112,0.08304498269896193,0.006920415224913495,0.0,0.07958477508650519,0.1194045243130742,0.01021118151106007,0.019808300825441695,0.05668456520212014,0.07464974750706713,0.027952772597879857,0.5315276296113074,0.34835899429681977,0.14753038039374558,0.32933960863250883,0.15128625916501764,0.5261242867314487,0.14753038039374558,0.6010103671943462,0.2932244205583039,0.4765934911342756,0.28274439344876323,0.2701183789434629,0.3654168346855123,0.03967525291908127,0.34002854579505304,0.19163154082155476,firehose
0,2024-09-30,0.16295800225774296,0.1369806317255315,0.3009002213581962,0.3374948836888286,0.22622510628776013,0.7737748937122398,0.10040160642570281,0.013833110218652387,0.0,0.11021865238732709,0.12695838503414938,0.012622298988062379,0.025381104442151657,0.06907768188711351,0.07949544010688332,0.022295988494877,0.541904128592417,0.3779706422008576,0.1819584357287605,0.33392778794132255,0.17679423021512072,0.520111198902505,0.1819584357287605,0.5985113947183479,0.3007135165337847,0.48508541962356133,0.3168460443743625,0.28916640865682697,0.3859024659470368,0.04107958449288197,0.3478916512074024,0.23529564998930264,firehose
0,2024-10-01,0.16106507486788257,0.13033595904206494,0.30877697959761075,0.3426194650879709,0.2028502122498484,0.7971497877501517,0.07467630231857875,0.011743450767841012,0.0,0.11442336645588679,0.12173646422365132,0.012975387897055775,0.023763677606104847,0.062102857797836024,0.0797943548014325,0.021497687468637606,0.5581227332858885,0.37547750974702837,0.1789565521023091,0.33893415083297773,0.17518845888204818,0.536214588917708,0.1789565521023091,0.6176935163380067,0.28474372480603477,0.4667866473822006,0.2993370375812252,0.27069747301098446,0.36652772661636696,0.043408687182474856,0.35009282370923495,0.24775178614688814,firehose
0,2024-10-02,0.15934381435738443,0.13801823798368482,0.30759565451664966,0.33822315429796035,0.2147108843537415,0.7852891156462585,0.09586148648648649,0.008868243243243243,0.0,0.1085304054054054,0.12425925141186037,0.013497318726848444,0.022717222961996596,0.06359896196790124,0.07993391676309067,0.020619229840911028,0.5389790048054492,0.36529644413154533,0.17792605528546734,0.34086830549957425,0.1742883231783312,0.5220449872256279,0.17792605528546734,0.6058700816841209,0.2951784370962963,0.46031708934048526,0.304039500109834,0.27645999047147296,0.3728953646012005,0.04216485895117071,0.3541993349255002,0.23975909076006816,firehose
0,2024-10-03,0.16219316230477318,0.13969187849359604,0.2998798549229746,0.33488589785924994,0.2370721048798252,0.7629278951201748,0.10404624277456648,0.020953757225433526,0.0,0.10982658959537572,0.13174125412962964,0.0135708197781772,0.02547768363311547,0.07174612184633261,0.08065515303649237,0.021779310262273057,0.5408871767432825,0.3670304826525055,0.18059085272165787,0.33938109580384895,0.17894967185718957,0.5128791308503995,0.18059085272165787,0.5922296154434205,0.31270738501452433,0.4780251117398693,0.3238085718308642,0.2926311002343137,0.3892534461499637,0.042990926528140884,0.34544898864197526,0.2264449997136565,firehose
0,2024-10-04,0.16661670230707099,0.1382186736791662,0.30478410537142564,0.33068480060924543,0.23774509803921567,0.7622549019607843,0.10256410256410256,0.01098901098901099,0.0,0.12332112332112333,0.12617195163638614,0.011393972829814357,0.02554727389477723,0.06892651790482673,0.0761091290884901,0.023437880469801983,0.5246311092475248,0.3553513293712871,0.1727224071944307,0.3457419799975247,0.1761884765108911,0.4990982113972772,0.1727224071944307,0.5825224037537129,0.31887341540594055,0.4952021683378713,0.3355626272660891,0.2975743233700495,0.40911088109282173,0.03837284844344059,0.3431767704579208,0.23200611996509904,firehose
0,2024-10-05,0.14822800567240588,0.1532354325255645,0.33020717794785187,0.3150396678330643,0.16909620991253643,0.8309037900874636,0.055232558139534885,0.00872093023255814,0.0,0.10465116279069768,0.1405454590577381,0.014653508611934525,0.025165099261309526,0.07538218723511905,0.0863805207172619,0.02638689234791667,0.5586007716011905,0.3809723492529762,0.12933991356130953,0.35212217579761906,0.1484119489452381,0.5094148033125,0.12933991356130953,0.5991601506041666,0.32755118324404764,0.5227842884255952,0.32334911695684526,0.3198464909761905,0.4205000255416666,0.041471891265476186,0.35604357544642856,0.1886529953660714,firehose
0,2024-10-06,0.16298306675589813,0.13956997069169064,0.3166387199747319,0.33176671520483736,0.1746031746031746,0.8253968253968254,0.07936507936507936,0.007936507936507936,0.0,0.0873015873015873,0.12589216579142856,0.010664520821183673,0.025009693030122446,0.06850709075918368,0.08051632068571427,0.021021827859183672,0.5523817363836735,0.3617091825020408,0.12636053700520408,0.343969116232653,0.1473214331073469,0.5007738147387756,0.12636053700520408,0.6110695782244898,0.320428975755102,0.5064179402734693,0.3113485373346938,0.3019306822489796,0.3980795139591837,0.03269825057387755,0.3601035913061225,0.18603520548122449,firehose
0,2024-10-07,0.18537603501303523,0.13867092293267155,0.3074940895917369,0.3420005483078022,0.1346153846153846,0.8653846153846154,0.019230769230769232,0.0,0.0,0.11538461538461539,0.06337726839019607,0.00428444879372549,0.01636146119764706,0.024539924217647054,0.03875746055882353,0.017974161315686275,0.6029406704705882,0.42088697911764705,0.14550761088196076,0.40000676419607845,0.16911175826078434,0.5526164969607844,0.14550761088196076,0.6530954368627452,0.2537384142352941,0.48275102368627454,0.23778527900000002,0.2603062347843137,0.3421663948627451,0.03299260345882353,0.3749115731372549,0.21951873447058826,firehose
0,2024-10-09,,,,,,,,,,,,,,,,,,,,,,,,,,,,,,,,,firehose
0,2024-10-10,0.16763950818473478,0.1363459754767636,0.3002631933334561,0.3421733386692454,0.23102641257104647,0.7689735874289535,0.0984251968503937,0.016076115485564306,0.0,0.1115485564304462,0.12371619996082275,0.01283402799917111,0.02478624039192297,0.06471084731577531,0.07742776917137571,0.02190088545782038,0.5298303823599058,0.35873128748671373,0.18043998751215692,0.33020544972653887,0.17659318352600067,0.511399193721157,0.18043998751215692,0.6032356183417423,0.2942664056665321,0.4897376765745039,0.3119066465272452,0.2864877133372688,0.38583458611200816,0.041337533816313485,0.34996291372014804,0.2470852960489687,firehose
0,2024-10-11,0.16329266917776183,0.1339678614623195,0.3039339042976656,0.34099535632345235,0.22754886423666137,0.7724511357633386,0.09967553536664503,0.014016872160934458,0.0,0.10940947436729397,0.12504403597308664,0.012951619659033931,0.023401926262005573,0.06686284142754886,0.07995984095351294,0.021980395883029583,0.5456960370672214,0.360919029465795,0.170170057732758,0.33954482501914945,0.16987628912464342,0.5279774661223454,0.170170057732758,0.6025793487193608,0.2972650781742869,0.47566066320740885,0.30421165966646857,0.28504508079329505,0.3820566261335974,0.04113774402713154,0.3481440767591125,0.23194785233853538,firehose
0,2024-10-12,0.16130463658600006,0.13396531081812246,0.3037404825760449,0.34067993434045857,0.203166759898067,0.796833240101933,0.09109981317570671,0.011592294263575388,1.5313466662583075e-05,0.09724051330740253,0.13189516933137505,0.014375186434147943,0.02541402103683192,0.06979487638078453,0.08459890678579163,0.023104127080232302,0.5477368220559943,0.3629823158357191,0.16772340145248074,0.33467541648208643,0.16685437239106093,0.5259704288012186,0.16772340145248074,0.6065067879644521,0.30073726172109577,0.479868945878062,0.30698862097623975,0.28351574980860217,0.38209323482307833,0.04519688255495589,0.34984774911175726,0.22504806787952414,firehose
0,2024-10-13,0.16231898328194375,0.1338252062126407,0.302055963206648,0.3399410833549402,0.20539262761320826,0.7946073723867917,0.09007747187814592,0.011307100859339666,1.4589807560438279e-05,0.1010052377409142,0.13165906064248448,0.014522954537153434,0.02653689244316317,0.06960489229779271,0.08464940077063943,0.022482998963484064,0.5467220585835525,0.36563007446306967,0.17285948050442318,0.33599067630629864,0.17071556424534806,0.5253635246176612,0.17285948050442318,0.6048325403458934,0.30201892183110934,0.47415056904030156,0.311282492510703,0.28375628848070056,0.38123406875263416,0.04509973402929564,0.35126693387186797,0.22312251757938945,firehose
0,2024-10-14,0.1636730819542237,0.13528689154229048,0.30011357762909396,0.3374261645420296,0.23392282958199356,0.7660771704180065,0.10142622051563357,0.014097641250685683,0.0,0.1151947339550192,0.1293926359619269,0.013848614549207624,0.02687327657081355,0.0684832175842725,0.08173144362549951,0.023427017474558484,0.5464532108519904,0.36627796022273923,0.18072383172683887,0.33879522178682986,0.17476366789458445,0.5217309583046837,0.18072383172683887,0.6025142011491487,0.302085484176027,0.4779371101304684,0.31737508324337055,0.2836792907663853,0.3848577616715334,0.04329574480156805,0.34859871326004893,0.22997732653327962,firehose
0,2024-10-15,0.16197244758744947,0.13353317599665432,0.30279528089303037,0.34026047778522805,0.22799541413398516,0.7720045858660148,0.0936034434760263,0.014454890035762469,0.0,0.11735229243848641,0.1316568641569294,0.014311351607980777,0.024668978862151515,0.070384282933556,0.08401367183038184,0.023191755736372454,0.5354563658796492,0.35469080728688746,0.17272110346654007,0.33759950742766454,0.16838694449774813,0.5164516933527452,0.17271799020811515,0.5979397349825237,0.3058181682655238,0.47741623838108127,0.3106358383966614,0.28433838422864416,0.384164889299981,0.044296614961968496,0.3500530990729216,0.227690102656187,firehose
0,2024-10-16,0.16499503626312156,0.13095609264409236,0.2979623021926319,0.3446234113505749,0.23055608637492833,0.7694439136250717,0.09866031416576254,0.012807207887164489,2.3586018208406057e-05,0.11547714514835605,0.12106091563341376,0.011719495339907064,0.022656758143507514,0.06412887905268763,0.07532408542892015,0.0208282367776637,0.5459413567976977,0.3649336577639767,0.19168717011177652,0.33914946249602723,0.17938243200485354,0.5289574506720515,0.19168325856819257,0.6103590283289919,0.2894087299330605,0.4629443925940506,0.30540496772818326,0.2729178447467622,0.3702695896762469,0.04147909023658864,0.3508414495934808,0.2576107657417795,firehose
0,2024-10-17,0.15750832803397072,0.1331977273942852,0.3076762051921797,0.3463600150928015,0.1983739837398374,0.8016260162601626,0.08106652302720173,0.014812819822246161,0.0,0.1007271747912739,0.12052000328520932,0.011451862013811346,0.022086118322790834,0.0604116331885237,0.07525036103596443,0.021039305325431037,0.5604263018006466,0.3642528556761853,0.17496548328056385,0.34643526974999994,0.16798708399970366,0.5300961411270205,0.17496548328056385,0.6172569804189116,0.29206249274784485,0.47061526508957435,0.2955584849707166,0.27053676205651134,0.36891311244881464,0.04154902297148976,0.34887470262122844,0.25916369038346443,firehose
0,2024-10-18,0.15858699892238518,0.1321789361984626,0.3117506323940012,0.34878327531763276,0.1543481344871613,0.8456518655128387,0.06389280677009873,0.007052186177715092,0.0,0.08208744710860366,0.11366077150651538,0.010704894342733612,0.019354140421820733,0.05574155256698166,0.07399218028145274,0.021007533015260933,0.5752049589709449,0.3712645371478138,0.15953063492065075,0.35404395050535964,0.1580258593871509,0.5414594163506911,0.15953063492065075,0.6321376260540198,0.27864764563169253,0.46876873282156845,0.2779441144574048,0.2648106870229055,0.35858823322512273,0.041459022683304654,0.347405699845134,0.26456454343017066,firehose
0,2024-10-19,0.16141921175906737,0.12795993466482172,0.3089152802546617,0.3513436101613508,0.16402499336566065,0.8359750066343393,0.06571107229175142,0.009428318457010218,0.0,0.08719998085620617,0.11303118192174089,0.01118487996470611,0.020352909640933104,0.05638417696913303,0.07323116811249132,0.01955402655511737,0.571650646953361,0.37118688120189525,0.16297124452356979,0.3456436093557635,0.16264538838232548,0.5441806429221925,0.16297124452356979,0.6333854074228386,0.27186654153094836,0.4628293064617919,0.27721862350322934,0.26052654600664005,0.353177002496535,0.04179470443346024,0.35419745306781686,0.25816907492744684,firehose
0,2024-10-20,0.15999814776926619,0.13014176247365805,0.31040754675282217,0.34692228501028044,0.16494514390999693,0.8350548560900031,0.06533859030227572,0.009822231444974752,0.0,0.08808189804247077,0.12121132778336802,0.01287212625326743,0.021106112596417623,0.06163043882836549,0.07959192396759356,0.020552690504624754,0.5636380647464619,0.36782431641259594,0.16174240993086347,0.34085979998224664,0.16284827396646745,0.5370074482533445,0.16174240993086347,0.6262816852811648,0.28171129215423946,0.4655545326187724,0.2816192460500217,0.26691315745450894,0.357781404980742,0.04655113092688331,0.3545204599093727,0.24649548518373848,firehose
0,2024-10-21,0.16095541576123454,0.1302596019796442,0.30880716466611546,0.3455745562335011,0.18624505040860456,0.8137549495913954,0.07449389325748704,0.010219731191790753,0.0,0.09970163404160393,0.11678008749336578,0.01217705385067614,0.020891506226973718,0.059057893631834536,0.07628762913376277,0.02025724050425799,0.5698791305608303,0.3737660430802521,0.17592410686879945,0.348644556432989,0.17165974530199238,0.5420556348868997,0.17592410686879945,0.6266988569022293,0.2767652218680358,0.4615026864205655,0.2880357640991538,0.26249157190095157,0.3574116425366513,0.04330105238460808,0.35150575505288323,0.2566419711985033,firehose
0,2024-10-22,0.16040381339420945,0.13213771479307643,0.30687948962835476,0.3448829512882122,0.190096170753811,0.809903829246189,0.07905297488826553,0.010012482048666569,1.3421557705987356e-05,0.09902425275477472,0.12328414842728125,0.012822158131621122,0.022223380506210942,0.06323274698478397,0.08097855287536608,0.02102881312185298,0.5648122617546002,0.36909585469593853,0.1724725739318774,0.34735647278496784,0.16940729705445798,0.5386959991230676,0.1724725739318774,0.6215031646546364,0.2842928451029796,0.4648776550449225,0.2925569715998098,0.2686591047579339,0.3626795923318561,0.04470770355619874,0.3516616091961829,0.24923452991750253,firehose
0,2024-10-23,0.15973414557570573,0.1338734171980563,0.306478863383623,0.3426367936021746,0.2073505081541007,0.7926494918458993,0.0881108884905152,0.012033229053159455,0.0,0.10505348752738819,0.1256537419717283,0.013459098787789578,0.022930473320959217,0.0652022769772728,0.08204470327332537,0.021630942401516157,0.5606559986410887,0.36613154043894924,0.17159898404804205,0.3463112418725321,0.1685595235487785,0.5326889453433103,0.17159898404804205,0.6140296358306181,0.2912442421130069,0.4698769634701107,0.2980760923693656,0.27434000088065275,0.3707741387702208,0.044299078088622795,0.350318835362274,0.24410214150564574,firehose
0,2024-10-24,0.1610499654264621,0.13361762390389265,0.30661984178576474,0.34313342511474226,0.2089192210390069,0.791080778960993,0.0884703196347032,0.012659524645826016,2.9270577215782695e-05,0.10642781875658588,0.12468712644468859,0.013229927781662881,0.023302836555475985,0.06438648600616145,0.08121847637631571,0.02167825558194005,0.5624864265268704,0.36845724042906275,0.17193134399406476,0.34738263895470517,0.1686835387856223,0.5332505489907432,0.17193134399406476,0.6159792050900802,0.28930750333789956,0.47185632959413776,0.29876411043733464,0.2750202193638388,0.37082469853605604,0.04450200331346636,0.35193989444851304,0.24831832796894296,firehose
0,2024-10-25,0.16093122370133603,0.1349730362329362,0.30595853600326234,0.34202670878977637,0.21015390358542752,0.7898460964145725,0.09434441210316118,0.01133825221688215,0.0,0.1036011642861978,0.12317407611487463,0.012939533340998151,0.02261334588660384,0.06427030476649394,0.07960928446339362,0.021345019574519963,0.5580055456991769,0.3664354337527176,0.17023779960397603,0.343824544757457,0.16556570935554876,0.5289896564647126,0.17023779960397603,0.6147049683405467,0.2901796454038132,0.475964023118322,0.29952055158988217,0.2749217291953554,0.37468861158287886,0.04305029890973822,0.35088062233522976,0.25022008455197015,firehose
0,2024-10-26,0.1594030738651367,0.1333388187212348,0.3092141967803587,0.3416789921716633,0.19580567580567582,0.8041943241943241,0.08890382031100019,0.011787291226722979,0.0,0.09449030524092916,0.12437144697704666,0.013437817199358557,0.02243176586648729,0.06385706347198887,0.08156319675666923,0.02119162043858322,0.5623480358892685,0.36984248352176996,0.1632022896532864,0.33641081238578224,0.16163153914082165,0.5317457153506912,0.1632022896532864,0.6210327095716838,0.28950552393524476,0.4799453480994932,0.2941921603795118,0.2756889795480608,0.3744647767828109,0.0441634945034976,0.3517659470047226,0.2390937023690285,firehose
0,2024-10-27,0.1607124701580841,0.1319593282149698,0.3078593563328572,0.3443399152278637,0.18815331010452963,0.8118466898954704,0.08467299793707138,0.011857193301986731,0.0,0.09091753861021801,0.12279198023737886,0.013150051175220287,0.023206573249182787,0.062359377246952986,0.07996949680098316,0.021236360511649042,0.5637280274575612,0.3710842149792591,0.16647165450955098,0.33982616833568496,0.16680981400422437,0.5377149429263757,0.16647165450955098,0.6222920539512516,0.28548028080883525,0.470358797974742,0.2937925023120878,0.2705691366737173,0.3666758369186492,0.04451981159960321,0.35289968751943057,0.23792310468890007,firehose
0,2024-10-28,0.16025356395835386,0.1347992872529512,0.3073667453678475,0.33851571201254343,0.23660059733912572,0.7633994026608742,0.11145895180007556,0.015086090570518702,2.6987639661035245e-05,0.10805850920278512,0.12766146790168095,0.013750415584871112,0.02693697043092892,0.06773976924985954,0.08105939153946246,0.021751343605027014,0.5606738770733387,0.36934967072023234,0.17135174787835084,0.3436698030696624,0.16658146267100216,0.5287957578362465,0.17135174787835084,0.608353330915235,0.30014426422819285,0.4789256950320292,0.30805563441164807,0.2820753950442231,0.382141483183423,0.04337078459947947,0.35092610014964887,0.24230530487043372,firehose
0,2024-10-29,0.16009246616815645,0.13633183177246028,0.30609275570726485,0.33731681028388405,0.23200436338481595,0.7679956366151841,0.10681448358888199,0.013202979269470425,0.0,0.11030705525936313,0.12697208148443037,0.013331743621211712,0.02416973194055305,0.06746684103095424,0.0814325033613277,0.02136744022497586,0.5570995723429467,0.3685031361784188,0.17277644838742995,0.3434125483459636,0.16707322637549382,0.526449015173989,0.17277644838742995,0.6082799671771897,0.3004913520446189,0.47829748385530474,0.30681301384288984,0.2823048612683109,0.38191874274450993,0.04270890356698844,0.35014161739520305,0.24396803506474932,firehose
0,2024-10-30,0.1595737489874835,0.1351148097395246,0.3063928494900681,0.3415197241519285,0.23134414736180697,0.768655852638193,0.10665724009799248,0.013120468259318327,0.0,0.10999490307624012,0.12732387072604662,0.01351357067833392,0.02336433238727895,0.06743984229258614,0.08202399863726358,0.022002675430175634,0.5599736090156376,0.3685249386767296,0.17300925730427924,0.34212343578170074,0.16799307994384785,0.5283234670386496,0.17300925730427924,0.610279441072863,0.2962719128234383,0.4807668289772045,0.3064319990220041,0.28077620156146893,0.3806185694240279,0.04345035929655413,0.349356246394298,0.2417243761047231,firehose
0,2024-10-31,0.15953486234000241,0.13169895456582834,0.3085696945927758,0.34440928768685214,0.19728141613772587,0.8027185838622741,0.08635264815764412,0.012438649183210021,0.0,0.09694527873415867,0.1254458174022117,0.013333451651042667,0.022331071627957326,0.06533226039722363,0.08137939350458721,0.02138883106952165,0.5556452606939565,0.3661155024865753,0.163434094295136,0.33286941449412205,0.16066872020826314,0.5315808969091305,0.163434094295136,0.6145320541925426,0.2881265582265255,0.4834879193568565,0.29374501383116064,0.2763495033298979,0.37508354652930515,0.04400447172689737,0.35239459775163723,0.24682319675608608,firehose
0,2024-11-01,0.16033880666096767,0.13072964022057035,0.3099603142287831,0.3445209556660644,0.1974668067029298,0.8025331932970702,0.08564565688705879,0.012867905105048897,0.0,0.09767129911250448,0.12178652264590056,0.012732140270963756,0.021654435624998518,0.06196831235474084,0.07832732856469359,0.021870889111145944,0.565192119005584,0.36945049889736875,0.16560144833628815,0.332358464609268,0.1626319724430303,0.5390874343967137,0.16560144833628815,0.6203933064196497,0.28377918515506534,0.4770997095212487,0.29262000780139363,0.27225066494332817,0.3704669963250172,0.043512496480673346,0.3546096064944551,0.24634605386020475,firehose
0,2024-11-02,0.15938030785427953,0.1332277809915656,0.3115430853531276,0.34104343005410925,0.2033971747985094,0.7966028252014906,0.08727061005326375,0.014361805360878097,0.0,0.10027386625838311,0.12682112076079338,0.014011283572219093,0.023105353209403396,0.0658801604043991,0.08338851713939578,0.02190448604680094,0.5618535446384535,0.3673241331871995,0.16342576112711543,0.3378751766826408,0.16232578120108684,0.5332645447955707,0.16342576112711543,0.6165976748734284,0.29102710692259504,0.4767593623180043,0.2961459597290544,0.2745575569076583,0.3727695715309844,0.045331276745106855,0.35259503472697473,0.23541402900235306,firehose
0,2024-11-03,0.15953364558729777,0.13151993815806265,0.311105765261678,0.3444217581145732,0.21220891102436398,0.787791088975636,0.08694635189547725,0.014034384241391409,0.0,0.10961856548543933,0.12406322738853243,0.013219241941970189,0.022334353811349485,0.06399641459145407,0.08107789699454662,0.022191070546244963,0.562886999920689,0.3650895553072528,0.16778962556994304,0.3357605748400421,0.16472594549813377,0.5345610412576228,0.16778962556994304,0.6181931401367267,0.28983344180748155,0.4734765626029529,0.2984543643701929,0.2717376746013983,0.3706233402865775,0.043633917285173345,0.35150444024068966,0.23319952992903237,firehose
0,2024-11-04,0.15927881939321595,0.13449017928011672,0.3078974568946484,0.33989214744338037,0.23165071322916844,0.7683492867708316,0.09908498053687882,0.016025478994995197,0.0,0.11414994186340428,0.12586132845552078,0.013269656139281204,0.022905113439023513,0.06664107147139849,0.08056370690432402,0.022176142907636958,0.5629282733351195,0.36878214632237166,0.1735851551057448,0.34095851355038337,0.16759411802646648,0.5314165563836982,0.1735851551057448,0.611156518253029,0.29726076978331734,0.478127293256636,0.30932654858685016,0.2777716225422959,0.37870120051652023,0.04304153492501626,0.3468421709665841,0.23507720737782703,firehose
0,2024-11-05,0.15804255922003965,0.1356980666266432,0.3119870396370249,0.33755156832557087,0.2602347983142685,0.7397652016857315,0.1037723485912197,0.016062903678741927,1.8721332958906674e-05,0.13848169989703266,0.12503157778383384,0.01350598756031051,0.022491535264863246,0.06598183188408874,0.07974670472281381,0.022894614666281007,0.5653419544300103,0.36630455143126467,0.16646581749800402,0.33005269477422255,0.15780121045288031,0.5263791767291491,0.16646581749800402,0.6146880541805486,0.3001831781429168,0.4928580478895125,0.3106404953858815,0.2792125748273747,0.38639479619980754,0.04245501845866198,0.3484371217724235,0.2337194576242938,firehose
0,2024-11-06,0.1510068613377379,0.1513896687784877,0.32588498604802657,0.3046059289255149,0.3916843845972124,0.6083156154027876,0.18743775994376427,0.023958760470974165,1.4644719114287388e-05,0.17680569386679162,0.1475188367188607,0.01911188802424309,0.03285387055179733,0.08026307550575237,0.0982886871253892,0.024139191415905998,0.5921631337395519,0.4032352759281951,0.16339861751148854,0.31632108299850237,0.1470806675124282,0.5144153765034764,0.16339861751148854,0.5913924681192654,0.34121020616404724,0.5555988288464027,0.37843019405895534,0.31941982488305914,0.45088391488173507,0.04459456812457024,0.33453841975025156,0.19412664720683007,firehose
0,2024-11-07,0.1542038309325454,0.14282791626707964,0.31983560504958547,0.32156566692768346,0.2812107576391796,0.7187892423608204,0.13862928348909656,0.017159916926272067,2.5960539979231568e-05,0.12297507788161993,0.1314547944722812,0.0155566863584954,0.026194593971715866,0.07023599376063085,0.08741878550690031,0.021682406043938212,0.5974344985222222,0.40444930652442884,0.1703304291558628,0.33625249792357215,0.15937130125738058,0.5356614286094756,0.1703304291558628,0.6181173099495068,0.30801427165497924,0.5019529240176742,0.33052851713167397,0.28647708908675984,0.3971778808075441,0.04389484533467031,0.3439359307903946,0.22684911734973456,firehose
0,2024-11-08,0.15905917473965644,0.13793539457578458,0.31094704904984405,0.33209219006914054,0.25187444593031116,0.7481255540696888,0.12119010910815939,0.015209914611005692,0.0,0.11180621442125237,0.12327738223082345,0.013436235894238781,0.02502763181272778,0.0642713277094669,0.08022038829512423,0.02180081353220766,0.587953057928546,0.38794441403441504,0.17705725520791143,0.3488514112170502,0.1683124180677731,0.5346199365327376,0.17705725520791143,0.6216251292381627,0.297197532992945,0.4835200480368824,0.31893634662520676,0.2762031224934397,0.3832401049961136,0.04223585299680799,0.3476163900418051,0.24172682008126944,firehose
0,2024-11-09,0.15761833928217814,0.13597569069787455,0.31639710097587787,0.335474878391647,0.20833964264082375,0.7916603573591763,0.09610452818180117,0.01179311506710844,0.0,0.09790157428726531,0.12219325541812716,0.013535078819881368,0.022623865501356186,0.06327565098508266,0.08160263982842703,0.020790760149345763,0.5862958651265046,0.38565212281922834,0.16508376262987542,0.34544756803636395,0.16113354505062802,0.539441795588308,0.16508376262987542,0.6293982280691114,0.2883895212398346,0.4762487734450936,0.2985990455012637,0.27144310750116474,0.3719455611534228,0.0435175265264965,0.35067819786228266,0.24119875243177122,firehose
0,2024-11-10,0.15974460640681454,0.13221384222376667,0.313583416738613,0.3407517535858296,0.18889686602572106,0.8111031339742789,0.08596962127441701,0.012350084557739748,1.551518160520069e-05,0.08933641568274557,0.11414492489913985,0.011744944246347769,0.02133721079907863,0.05833760299260857,0.07372335715052208,0.020011156331422898,0.5866406501288225,0.3821830576685213,0.1664247827015232,0.3520235271827099,0.16440048390155615,0.5441560685697097,0.1664247827015232,0.6366241956403969,0.2798645688048702,0.46438168326025,0.28889402129565545,0.2612199898528934,0.3589116010794101,0.04079385055718182,0.35032831579935764,0.2460985357801911,firehose
0,2024-11-11,0.15939592416500808,0.13125557987774725,0.3129177717844849,0.34259040557987136,0.18620790844398796,0.8137920915560121,0.08113463191480062,0.012383630297644197,2.9137953641515757e-05,0.09124550182840659,0.11216040162688837,0.011476075447796446,0.020210416596048067,0.0569595442922799,0.07280221281636826,0.01932197277354857,0.5849179015272076,0.3798243998819476,0.17025563005435285,0.3520985399562625,0.16517487681163479,0.5447677463755882,0.17025563005435285,0.6368492773679031,0.2757397752777911,0.4624797766081738,0.28521030422912874,0.2583210741179385,0.3554721860904279,0.04024675181351243,0.34788203218254926,0.25397110096877007,firehose
0,2024-11-12,0.15758375814611117,0.13189586765813374,0.3155047962767253,0.3432892797965227,0.18774097096545755,0.8122590290345424,0.0785313296533175,0.01288526794789598,0.0,0.09479428919920561,0.1115222091248727,0.011064777435236756,0.019526222425049856,0.05625865881425686,0.07210687303042287,0.01954181103320908,0.583061977330556,0.37752226845353165,0.1660306829712199,0.3512230040271621,0.16163906335605638,0.542024503211823,0.1660306829712199,0.6369814384046437,0.2765485271210807,0.4651629531705648,0.28191480247376005,0.2597112389115132,0.35673596104754984,0.03987901510308535,0.3475182501943775,0.25281321356060976,firehose
0,2024-11-13,0.15771006063111034,0.1339988365262841,0.31270176743309375,0.34149832648809786,0.20487497085167963,0.7951250291483204,0.08632956508726823,0.014488021874872465,1.3603776408330953e-05,0.10219156837938212,0.11591065769071023,0.011848392652180153,0.02101315463348386,0.06070985238060527,0.074624755798836,0.01971615596495721,0.5722205635791743,0.36840147924755906,0.1647245788250552,0.351077866042632,0.1602553069017364,0.5282126454155871,0.1647245788250552,0.6261395043282163,0.289206056916126,0.472504304665068,0.2933713695972151,0.26933686619823427,0.3696184980443596,0.040005317596710305,0.34605651179999997,0.24739680273816914,firehose
0,2024-11-14,0.15524535312829782,0.1357873145779315,0.3163360510129844,0.33998561552817874,0.20275896574522453,0.7972410342547754,0.0792677539625042,0.016857208488682347,0.0,0.10409414591910661,0.11659879304889463,0.012138530141279623,0.019517445040572602,0.06096917213501555,0.07528490974281551,0.019810399265305978,0.573076999422311,0.367264736602487,0.15460179425711218,0.3475095721934506,0.15212595576014387,0.5252479695984902,0.15460179425711218,0.6246977964333688,0.29215292609555377,0.47969561549489415,0.28714222082487967,0.27240096504516265,0.3712663852923385,0.042441855883974235,0.3473779390465228,0.24502340119210392,firehose
0,2024-11-15,0.15660264414116298,0.13313291754647527,0.3156124385668926,0.3432527421901723,0.18531732982571522,0.8146826701742848,0.07878639986985521,0.012119733203188546,0.0,0.09230518952334472,0.11622544170642242,0.011800033028708468,0.019558483187121292,0.0597415368484708,0.07492235481382788,0.020740794410006504,0.5770147763798926,0.3741309808062876,0.15803209785783426,0.34797437134013826,0.15631812760316577,0.5330550265474768,0.15803209785783426,0.6299424014912641,0.28723597720033023,0.47656997161929,0.28684870257274164,0.2704289401032751,0.36846365536231657,0.041259247330525294,0.3467573540033187,0.24920395511947727,firehose
0,2024-11-16,0.15613936706395745,0.13351982369346432,0.3196853635015466,0.3399258650615945,0.15988643044581785,0.8401135695541821,0.07030159769885798,0.01048044883661322,1.4239740267137527e-05,0.07789137926124227,0.11864986378858237,0.013046411426232715,0.020475892252441296,0.060966199126827665,0.07718207264332014,0.02206469653806425,0.5780822153755447,0.3764938901614359,0.15384874295317297,0.3482829452656637,0.15369594381843762,0.5324415857489135,0.15384874295317297,0.6345320129757284,0.2842508883230271,0.47122508138393165,0.2788846642234048,0.26794867687031315,0.3617944511571011,0.043210001339207424,0.350439166867072,0.24559562538069835,firehose
0,2024-11-17,0.1572394973337745,0.13242202356188154,0.31616669475246856,0.34481742772603224,0.15844810119650632,0.8415518988034937,0.06827679782903663,0.010366350067842605,0.0,0.0780189959294437,0.11831151294992409,0.012462705668860402,0.02089832834308588,0.06032537185678969,0.07761971707314246,0.020629767207308004,0.5769129252758208,0.37242613105465405,0.1536502366172918,0.3431872142907191,0.15484851057522117,0.5387239562851425,0.1536502366172918,0.6330354560801086,0.2831151653687842,0.46659884972775445,0.2789315634004727,0.26744087315092424,0.3578197402503913,0.04308154750799186,0.35085764579972856,0.2438040929488171,firehose
0,2024-11-18,0.16103273683360644,0.14442899010398172,0.30099002620229476,0.3410237906137844,0.21794871794871795,0.782051282051282,0.038461538461538464,0.02564102564102564,0.0,0.15384615384615385,0.12942432070641027,0.01691131889025641,0.01940216758846154,0.06805791279487179,0.08463926198717948,0.01397410942820513,0.5406388807051282,0.3236126704999999,0.12127295171583334,0.32367730717948723,0.13234813650000002,0.5264111045,0.12127295171583334,0.5986516132051282,0.32067615565384616,0.47070866321794863,0.2869962800512821,0.2752475620512821,0.37908984443589744,0.03781067321794872,0.3278029085897436,0.2525854833974359,firehose
0,2024-11-19,0.15985424825668018,0.13333994960867238,0.3117912007021346,0.3423224479138415,0.18926302334615722,0.8107369766538428,0.08146286506629691,0.010882349299889814,0.0,0.09420227056070717,0.11253974998095628,0.011573596092525014,0.020192365786254215,0.058182688275814236,0.07227767340154305,0.01965763878652012,0.5717543435341795,0.3767639824283505,0.16855947049481915,0.3528967372808186,0.16480781583318266,0.5303455647326069,0.16855947049481915,0.6295435251322478,0.28186529427918633,0.4697055632117725,0.28875659746813137,0.26814670692758347,0.36403774910971864,0.04074553633299095,0.34896895351825385,0.25545187213333287,firehose
0,2024-11-20,0.15660618998636586,0.13269983574935082,0.3135876924756739,0.3407537774170249,0.1966893865628043,0.8033106134371957,0.07851239669421488,0.016771998055420515,0.0,0.1011181332036947,0.11519716561195917,0.011710532521122995,0.02089373291665775,0.061375312413612056,0.07358019959674283,0.018629951983568302,0.5789961957897424,0.380199531946281,0.1796654989890795,0.35645989847813275,0.17177334374013126,0.5348895862089936,0.1796654989890795,0.6280405001295576,0.28196675815046185,0.4617569010571487,0.2882349485492708,0.26758162049949924,0.3604134653190812,0.04186165539171123,0.35307178550194457,0.2621188865003512,firehose
0,2024-11-21,0.15819199239997267,0.13608528495161842,0.3133363695274045,0.3391161283976515,0.20013042060645583,0.7998695793935442,0.09585643105196177,0.010655507862211772,0.0,0.09186600806712539,0.12005898355799001,0.01297204904729146,0.024213917894083798,0.06272064960707274,0.07728233454519963,0.021090106421257093,0.5761754300264014,0.3862428078439205,0.16985114469197182,0.350934568373633,0.16648480180491576,0.5326560996087898,0.16985114469197182,0.6282127266467614,0.2849544671610728,0.47115669108365116,0.29302983254270293,0.2729786395924309,0.3668978788003891,0.043471295069358505,0.3509608987746813,0.24814748470524703,firehose
0,2024-11-22,0.15948277201878513,0.13465366643623436,0.30938129695946437,0.34296523476923596,0.19560154200353375,0.8043984579964663,0.08327492495073859,0.012960048666305195,0.0,0.0965523625639737,0.11788811289973138,0.012274689877822317,0.020957969962456875,0.06151471704977585,0.07606821015064602,0.019912750019535293,0.5643438435017788,0.3689803663756761,0.16584734231353723,0.34624383897979816,0.16315598978221302,0.5275716992035773,0.16584734231353723,0.623354673268888,0.2868403266557494,0.467842742585702,0.2888637127368435,0.2714245109127454,0.3652669097067339,0.04319774704573535,0.35021520512686305,0.24947282439363,firehose
0,2024-11-23,0.16051581703231532,0.13453833969257376,0.30876336091691425,0.3410591185275103,0.20521415270018623,0.7947858472998137,0.0943874397329707,0.012733341574978366,0.0,0.09685993324267524,0.1179613750360268,0.012222195684431612,0.02179069490495086,0.06107778642013227,0.0755223874410372,0.02001855230278156,0.570091097858388,0.37153818549530226,0.17358958712750067,0.35236956975602673,0.16835424437229574,0.5328002208340339,0.17358958712750067,0.6236932820197182,0.28771525049899244,0.46476949002074425,0.29560634789281987,0.27197705998206395,0.36561347450731857,0.0420043027056138,0.34816739696934107,0.2512845670122926,firehose
0,2024-11-24,,,,,,,,,,,,,,,,,,,,,,,,,,,,,,,,,firehose
0,2024-11-25,0.1612970055614441,0.13562431437186664,0.3022077377246235,0.34203687155397067,0.21399414926185456,0.7860058507381454,0.09810094445008632,0.014488338241765682,3.385125757421888e-05,0.10026742493483633,0.11642720288636405,0.011631825131320763,0.02212169663730313,0.06196166130128688,0.07306226713086143,0.019778398088227903,0.5582595645912194,0.369494868070439,0.18613094223150176,0.34782380016634407,0.17719787887759328,0.5230715392813352,0.18613094223150176,0.6170266067785474,0.2890816940727718,0.46331468260015723,0.30915419144212253,0.2730391550450925,0.3708751434391885,0.03921893260428813,0.34492819270466196,0.25524588535210024,firehose
0,2024-11-26,0.15897959860606248,0.13437530938754766,0.3097185845534855,0.34132897536185364,0.19718086791257522,0.8028191320874247,0.08377704918032787,0.015567213114754098,5.245901639344262e-05,0.0963672131147541,0.12028461734666555,0.012726898828243356,0.021258667329083283,0.06271242345674753,0.07761636280920871,0.020807632393295434,0.5600488503641965,0.3701310183153169,0.16960364810674933,0.3464876368817149,0.1672090743908534,0.5257388327134924,0.16960364810674933,0.6168813760018047,0.28913187061852313,0.4748032498437664,0.2982007501791779,0.2747452145897779,0.3738410144303333,0.04263016021635434,0.3482513649181464,0.24369912069788757,firehose
0,2024-11-27,0.1591005279539423,0.1334447165882774,0.3105370674425309,0.3432702579753845,0.1811790156841536,0.8188209843158464,0.07531848783013982,0.01170378042465044,0.0,0.09319523562920766,0.11852299763489615,0.012939714818044361,0.021235335240744984,0.06060659997784039,0.07739318777108851,0.02109837299187246,0.5651904439498218,0.3752770442268066,0.16905521089779973,0.34927373302256776,0.16701656287530248,0.5315533348812796,0.16905521089779973,0.6254209287374866,0.2812708357261022,0.467542702272776,0.2889474333963466,0.26900933876171396,0.36241795736314786,0.04302979905422495,0.3480229805491423,0.24643643384131295,firehose
0,2024-11-28,0.15896720239319642,0.13116991262373504,0.3126930734413636,0.34360974632536756,0.1650941144648284,0.8349058855351716,0.07078039927404718,0.008664089008127516,0.0,0.08392645782371971,0.11527980998555275,0.011870914354185155,0.020264706876790873,0.05872015554608137,0.07428058716178271,0.020109451639849125,0.5681686510566962,0.37994598304595667,0.16961289560836332,0.3417722570111814,0.16637335108659648,0.5374249435391075,0.16961289560836332,0.6332228072791019,0.2743636907346585,0.4664378096104636,0.2852039085083192,0.2644098013730258,0.3580130338097163,0.042320269911584024,0.35202359291230034,0.24965680700971984,firehose
0,2024-11-29,0.1591887008275128,0.1300936981613879,0.3136486250924887,0.3450384967830349,0.15947489972043272,0.8405251002795673,0.06419544817821693,0.009278366043590246,1.5062282538295854e-05,0.08440903134460996,0.11384985638581052,0.0120450867994384,0.02052588431782235,0.05725512970567396,0.07407783711519482,0.020063142249731138,0.571748969270127,0.38180803438897587,0.16591047310142165,0.3418000617417844,0.16453094486114084,0.5433930260059874,0.16591047310142165,0.6361361506681479,0.2719463865332605,0.46647766968379245,0.2789104265734607,0.2630276828232895,0.35660679036765464,0.04235174446809492,0.3520283138400385,0.2502932628245591,firehose
0,2024-11-30,0.15948084915854946,0.13189248871795078,0.3106932117711818,0.3447255707330923,0.1618761080964917,0.8381238919035083,0.06961168507303171,0.010046312789454934,0.0,0.08115425721410759,0.11918785391541183,0.012765221808098463,0.021351201115728476,0.0616888373075883,0.07769422277011524,0.019923751009082814,0.5648059646232209,0.3722464027828248,0.1655573396232535,0.34425607430302463,0.16615727795173052,0.5351598196174495,0.1655573396232535,0.6256368721892178,0.2828531930751777,0.4649477581791048,0.28963716586894916,0.26857319299968296,0.3614485517936846,0.04317429942088993,0.350145125245284,0.2427479419993354,firehose
0,2024-12-01,0.1600387506667462,0.13107545955390226,0.3101868814945902,0.34567853661498044,0.17132799504854745,0.8286720049514525,0.07464404958360517,0.009613539547914189,1.918870169244349e-05,0.08508270330429443,0.11802615651828753,0.012400394377484912,0.020804795481534934,0.06082129575355759,0.07678606856751354,0.020389791339455808,0.5633246461994473,0.3717138344223625,0.16649982710660316,0.34396173641913885,0.16537205321830026,0.5336133061256437,0.16649982710660316,0.6259798051506121,0.2810966701049276,0.46464905358849157,0.2867455611278223,0.2659226531938784,0.3592068222562409,0.043549884095416595,0.3505980583837356,0.25147679496434094,firehose
0,2024-09-28,0.17394803109623136,0.15952190996280738,0.2688399317363898,0.30513973587325643,0.24705882352941178,0.7529411764705882,0.16279069767441862,0.011627906976744186,0.0,0.06976744186046512,0.17807280359523808,0.02144070711595238,0.0347401592345238,0.0901569525904762,0.1203464764107143,0.02513114351309524,0.5557899551190475,0.3536396320833334,0.16876687539054766,0.31539968228571424,0.1559520532559524,0.5197451347142857,0.16876687539054766,0.5596014068571428,0.3777466816190477,0.5720454768095238,0.3718631586904762,0.3616502357619048,0.46773365263095235,0.05510609815119047,0.3683764745238095,0.21904004220714285,most_liked
0,2024-09-29,0.18411374251757348,0.15447575013552392,0.2784180481519018,0.3562640329556806,0.07142857142857142,0.9285714285714286,0.0,0.0,0.0,0.07142857142857142,0.15764411350000002,0.016156041364285712,0.0340525866,0.07832789592857145,0.08370298742857143,0.028554650878571425,0.47990471642857147,0.2486581235714286,0.18780286639285718,0.2658509496428571,0.1705756347142857,0.4202712142857143,0.18780286639285718,0.547427655,0.3854298737142858,0.5602227407142858,0.35459324107142853,0.30473221164285713,0.4377930707142857,0.03309281835714286,0.3288823235714286,0.3013590150714286,most_liked
0,2024-09-30,0.19801987001094326,0.1512504652270983,0.2730470510392353,0.3308086738247296,0.35,0.65,0.13333333333333333,0.03333333333333333,0.0,0.18333333333333332,0.13404208377586208,0.011491772851724136,0.03485142535862068,0.07423304674310344,0.08193208733620688,0.01416145581551724,0.45876523920689655,0.3280643025689655,0.15746145893103447,0.32654255710344826,0.15086336322413796,0.4603762993103448,0.15746145893103447,0.589766155862069,0.3371517218275862,0.5631411475862069,0.32691024399999996,0.3398688115344828,0.4430852474827586,0.049224932122413786,0.36184228793103446,0.22536601013793103,most_liked
0,2024-10-01,0.18133908467633383,0.1364260528768812,0.2554202748196466,0.3605329494391169,0.2,0.8,0.11428571428571428,0.02857142857142857,0.0,0.05714285714285714,0.1453315522,0.009415342551428571,0.03799656790571429,0.09783481452857141,0.07201175571428571,0.021829302657142852,0.4881519505714285,0.315282536,0.1510954870057143,0.25010479325714285,0.14434810308571425,0.4693421814285714,0.1510954870057143,0.5386090442857143,0.39785523114285715,0.5876173022857142,0.3973270956857143,0.3691519146857143,0.492190458,0.04513953515142857,0.32915162,0.23297979619999998,most_liked
0,2024-10-02,0.15894161464114273,0.15939735255337187,0.26686504469918354,0.30993100960872005,0.35714285714285715,0.6428571428571428,0.16071428571428573,0.017857142857142856,0.0,0.17857142857142858,0.21433679768392855,0.05349121326142857,0.05763002828392857,0.14208715548035714,0.16262575728571432,0.03805316628928572,0.46203093105357146,0.34581784789285713,0.15676048126785713,0.29240984875000003,0.1417699638517857,0.4196533745,0.15676048126785713,0.5186560419285715,0.45511300828571427,0.5968939460714285,0.4597934332142857,0.4123537895,0.5239473450000001,0.06370301447142857,0.3370008426785714,0.2117788178125,most_liked
0,2024-10-03,0.18327939691708275,0.14730731785101325,0.2607675070727342,0.34534855088905286,0.4342105263157895,0.5657894736842105,0.25,0.02631578947368421,0.0,0.15789473684210525,0.12377625957236842,0.010548124427105265,0.027364367236842095,0.06980910787500001,0.0735290447105263,0.02007036087894737,0.44600710085526335,0.32576243886842116,0.24601895630921056,0.27880307822368416,0.23220051217105264,0.4387163521052632,0.24601895630921056,0.5195136808157895,0.36112439021052634,0.5865846940657895,0.39850326140789477,0.35827963325,0.48350068531578955,0.029965261188157892,0.3356187285526316,0.20895334871052632,most_liked
0,2024-10-04,0.17642205056141724,0.16770766692405398,0.2535722857397614,0.31692994679465436,0.5,0.5,0.3382352941176471,0.07352941176470588,0.0,0.08823529411764706,0.15587107319696966,0.011013144898484846,0.030493516754545452,0.10332989648484849,0.06554063406818182,0.033853836039393945,0.49247714766666667,0.34186627465151515,0.22571638355303034,0.29438355440909086,0.19407503816666666,0.4473316689393939,0.22571638355303034,0.5013197456515152,0.43902321028787883,0.5781569956666667,0.47991933222727273,0.4085461082424242,0.545358387621212,0.03582986681363637,0.34650687954545456,0.19227174030454544,most_liked
0,2024-10-05,0.19423331850275552,0.15197307151771083,0.2465170829259243,0.3214041217393482,0.2653061224489796,0.7346938775510203,0.16326530612244897,0.030612244897959183,0.0,0.07142857142857142,0.14366422027319592,0.011954272243608248,0.028915476247422685,0.0864964682412371,0.0841965489329897,0.017166539603092786,0.474502759371134,0.3336998700103092,0.18101682381443301,0.2811810453505154,0.17042148830927834,0.45306531862886595,0.18101682381443301,0.5596127041649485,0.3723837847628866,0.5823358051134021,0.388746284886598,0.3524765886701031,0.4947292427835052,0.03583706644845361,0.3318449007216495,0.21394017298556695,most_liked
0,2024-10-06,0.19434870124377054,0.16379594083490043,0.2696430469895231,0.2875356322218632,0.41379310344827586,0.5862068965517242,0.3103448275862069,0.0,0.0,0.10344827586206896,0.129620689137931,0.022107441499999998,0.03939538386206896,0.08283995243793105,0.07481037075862068,0.013619161682758622,0.4961773831034483,0.34517797086206903,0.18864535593103446,0.3207387745517241,0.17021079920689655,0.48489076355172417,0.18864535593103446,0.5243182862068965,0.3767334434482759,0.538561915724138,0.3919277930344828,0.3877458772413793,0.5185816710344827,0.03150526006551725,0.28549707517241385,0.24937733694482758,most_liked
0,2024-10-07,0.18939360001069658,0.1633600249667378,0.25473960116505623,0.2771051561131197,0.3235294117647059,0.6764705882352942,0.17647058823529413,0.0,0.0,0.14705882352941177,0.13847967326470587,0.017105871439411766,0.029134012997058825,0.06707393158823528,0.08179466741176471,0.01134124248235294,0.5285421355882352,0.4153600109705882,0.2558818198494117,0.35764227426470585,0.2115300288235294,0.4439712740882353,0.2558818198494117,0.5573275797058823,0.40323285579411766,0.5506889734117648,0.5011354336470587,0.4054427400000001,0.5311605175,0.026714255711764705,0.2983940532352941,0.22549606,most_liked
0,2024-10-09,,,,,,,,,,,,,,,,,,,,,,,,,,,,,,,,,most_liked
0,2024-10-10,0.16786327941476234,0.17384412701773858,0.26417514455637764,0.279570097236761,0.6785714285714286,0.3214285714285714,0.36607142857142855,0.08928571428571429,0.0,0.22321428571428573,0.21589333029464286,0.018930812886696426,0.0507180867,0.1660295218294643,0.107654273875,0.018845847289285712,0.46822828684821427,0.2972543883214286,0.21540754967410716,0.29168000535714295,0.18725095594642857,0.40181392222321427,0.21540754967410716,0.4499002174910714,0.5235690194017857,0.6416757472678573,0.5461768787678571,0.4540021667678572,0.6112163170535714,0.04126387745625,0.3680572220535714,0.22725277479375,most_liked
0,2024-10-11,0.1946177078274692,0.1340084043036147,0.24821127184280536,0.3789993907620267,0.5170731707317073,0.48292682926829267,0.25853658536585367,0.03414634146341464,0.0,0.21951219512195122,0.11236348284753658,0.012487500149404878,0.02264492095185366,0.0589165958707317,0.0679760962195122,0.028958790865365857,0.4047855966731707,0.319799860297561,0.23945472441141463,0.26331095029756096,0.22659017673658538,0.43979364902926826,0.23945472441141463,0.5129000991121953,0.3259842071365853,0.5349712769804879,0.3637341210146342,0.32415990337073164,0.4522681703853658,0.03667664710756098,0.34252600434146335,0.2806614993273171,most_liked
0,2024-10-12,0.1835439359695002,0.16317377315809423,0.25021862773758413,0.3143370616933652,0.5654648956356736,0.4345351043643264,0.32196969696969696,0.07007575757575757,0.0,0.17234848484848486,0.16785600120340907,0.015819279953409093,0.047815751676609855,0.10648964752310605,0.08145405363446971,0.027914517991098488,0.47222964209280305,0.3468254182102273,0.23002076200142857,0.2696395477784091,0.20286125356060608,0.4445633026534091,0.22687003196727273,0.4859910833920455,0.43842893322727267,0.6015183309943182,0.4670468475284091,0.4032897634848485,0.5364812687751893,0.0435021822221591,0.3577946466098485,0.21115072318681818,most_liked
0,2024-10-13,0.18261079619554815,0.16241237825946586,0.24996470742125929,0.3165415506597481,0.5372945638432364,0.4627054361567636,0.2604298356510746,0.05562579013906448,0.0,0.22123893805309736,0.15948335959339213,0.016346133914532036,0.047944562714041974,0.09393305925423515,0.07983026926700379,0.03098338276068268,0.4704701844096081,0.3373331228394438,0.22824224479499355,0.27574032131352716,0.1979405412353982,0.4257734444222503,0.22824224479499355,0.49280480788242736,0.43358782921112515,0.5905125874058154,0.4653128422288243,0.3954212933868521,0.5329328350922883,0.03826251029352718,0.35306585816687736,0.22447663965701645,most_liked
0,2024-10-14,0.18209609397605672,0.1711909879271253,0.24838421249400272,0.3135372480168381,0.5293072824156305,0.4706927175843695,0.2841918294849023,0.046181172291296625,0.0,0.19715808170515098,0.16455010403516873,0.014036122539218474,0.042946654470781526,0.09965828438170515,0.07833744102220248,0.033984384296802846,0.46295706895559496,0.3370121512735346,0.23728650788774425,0.2880132338632327,0.21014547024902308,0.4194120718028419,0.23728650788774425,0.48309444869094137,0.44589699060390764,0.5935107924689165,0.4840767853019538,0.40388610429662525,0.5422765721509769,0.03788095490017762,0.3511174185257549,0.2280326568877442,most_liked
0,2024-10-15,0.18236580366245567,0.15899771254478773,0.25525667789272377,0.3225694403005957,0.5648148148148148,0.43518518518518523,0.2538540596094553,0.05344295991778006,0.0,0.25590955806783144,0.17279725179681069,0.01834791718977366,0.04304979233209876,0.11098136172674897,0.09303612867335392,0.030217798167386834,0.4528361078271605,0.31708807900617286,0.22998633333386417,0.28632536100514405,0.19572778865617285,0.4146655097211934,0.22998633333386417,0.47434487401234565,0.44550264213271606,0.5855651661260288,0.46902247741152264,0.39564287171502055,0.5351198465298354,0.04220867742037037,0.35787663858024693,0.23253533458667697,most_liked
0,2024-10-16,0.17433892878049867,0.14405988584807577,0.25547753248680777,0.344086909111827,0.42328042328042326,0.5767195767195767,0.2275132275132275,0.021164021164021163,0.0,0.1746031746031746,0.17175445737566136,0.019830137772486774,0.03620125193899471,0.10448221517513227,0.11181855092857142,0.0231746661962963,0.49038800664550264,0.32299771435449737,0.18978825803835978,0.2815297955079365,0.17205263511693125,0.47338271665608467,0.18978825803835978,0.5293130756507936,0.4132243564761906,0.5523544421322751,0.4152681450952381,0.36810316219047623,0.4833243658359787,0.05208266922380952,0.33696481989417987,0.22805730325661375,most_liked
0,2024-10-17,0.18078517188418824,0.1280811596022904,0.27030874295332186,0.37707739223119136,0.185378590078329,0.814621409921671,0.09921671018276762,0.013054830287206266,0.0,0.0731070496083551,0.11454898874308095,0.010874437769190599,0.029674965190339426,0.05758366794960836,0.07197924436684072,0.019322022948041775,0.5479902856971279,0.35207197543603136,0.16021228053615144,0.3214376766710183,0.15040143592167102,0.5221606738093995,0.16021228053615144,0.5993980743629242,0.3164746519608355,0.5276398138616188,0.3219449006449086,0.30043743199399475,0.39886109755613575,0.04416315180496084,0.34482907710182764,0.37230026817676243,most_liked
0,2024-10-18,0.18094889481881712,0.11854529093791538,0.2787522515898085,0.38773054551289704,0.06870229007633588,0.9312977099236641,0.019083969465648856,0.011450381679389313,0.0,0.03816793893129771,0.10434958643396945,0.009353479501427482,0.022502245852480913,0.041407703561832064,0.0635986682461832,0.026334938080152675,0.5531570312022901,0.3446847103778626,0.12115938371610688,0.2857434664198473,0.12135557962175572,0.558402505480916,0.12115938371610688,0.6280249348320611,0.2809987417137405,0.5267005407919847,0.2780091992824428,0.27945447472519086,0.3738977942748092,0.048228120595038164,0.3599376438167939,0.40170976538358777,most_liked
0,2024-10-19,0.19749642383041127,0.126548760204709,0.25861337905683157,0.38194489168069723,0.11842105263157894,0.881578947368421,0.04824561403508772,0.008771929824561403,0.0,0.06140350877192982,0.0990488451893421,0.012125853017780701,0.025400728965131583,0.044429554889912286,0.06503259971710526,0.02034443048464912,0.5239445335087719,0.32018801646491224,0.11679116526521928,0.30116896662719295,0.11976058444035088,0.5226085093070175,0.11679116526521928,0.6176179500000001,0.2771798651359649,0.5382865743640352,0.2784117054517544,0.27873614944736835,0.3918206642938596,0.04867788591491228,0.33093147916666665,0.37890950953333336,most_liked
0,2024-10-20,0.21839306640128295,0.1504629787057638,0.2335807298620542,0.35667551010847093,0.5333333333333333,0.4666666666666667,0.13333333333333333,0.0,0.0,0.4,0.05394054382666667,0.002119978271333333,0.010959522289999996,0.02304289496,0.020621108133333333,0.01947553589,0.2951837336333334,0.3363551167,0.2510219171666667,0.21797477746666669,0.22575470616666668,0.3567917938333333,0.2510219171666667,0.47193915700000005,0.23589024433333336,0.5559753632000001,0.36277516216666666,0.28227950269999996,0.4356989223,0.01209121496,0.28532915200000003,0.2675442742,most_liked
0,2024-10-21,0.18637460672827524,0.13330352726940797,0.2663039457714446,0.36911866864032833,0.21521335807050093,0.7847866419294991,0.07792207792207792,0.01855287569573284,0.0,0.11873840445269017,0.10940707759833024,0.009410516414497217,0.019661653496252318,0.04925673420445269,0.06762526925046382,0.019372698537662332,0.47641235257142855,0.31978998173840445,0.17349000513685714,0.2832005566141002,0.16874498715899813,0.488688082309833,0.17349000513685714,0.5786486206215214,0.2960292764118739,0.5447999860343229,0.30622520947866416,0.28965073052690166,0.4042154448348794,0.04841650935231911,0.35462801178107606,0.32203310059925794,most_liked
0,2024-10-22,0.1904486080406459,0.14036181197389141,0.25757179658164037,0.36563204520351283,0.27510917030567683,0.7248908296943232,0.09170305676855896,0.015283842794759825,0.0,0.16812227074235808,0.12622698414039302,0.013353121145742358,0.027742230828231438,0.06754995064759825,0.07888561863427948,0.02344953759323144,0.451603854860262,0.3208068919388647,0.18230219758548036,0.2672706745720524,0.1741826797606987,0.4554194311484716,0.18230219758548036,0.5564352561310043,0.3253363372401747,0.565393022360262,0.3499648411855895,0.31752469083406115,0.4311829995203057,0.0517824118021834,0.3512595848471616,0.305384737769214,most_liked
0,2024-10-23,0.19650953431385307,0.13790492993551043,0.25399657947556026,0.37711024956320816,0.21910112359550563,0.7808988764044944,0.09737827715355805,0.016853932584269662,0.0,0.10486891385767791,0.13149352251174157,0.014238493778307116,0.030517548022940075,0.06456391619363297,0.08144360973220974,0.022853200055243446,0.46938190360674154,0.31566436763670414,0.16076577543273407,0.2825383568333334,0.1593130791479401,0.47212748455617976,0.16076577543273407,0.5572902645599251,0.31252604813108614,0.574172054741573,0.32677351837265917,0.31632114259176025,0.4305129161385768,0.04959545720749064,0.35177947230337075,0.31926297278932586,most_liked
0,2024-10-24,0.18978834918677742,0.14695009020415972,0.25411927601815704,0.3464731107989664,0.3333333333333333,0.6666666666666667,0.15743756786102062,0.023887079261672096,0.0,0.15092290988056462,0.136678192669924,0.014199932529571118,0.031823397595613465,0.07935598273919652,0.07662925638327905,0.025980622918023888,0.4724644004277959,0.33170167680130297,0.2195094685916645,0.29479977124429974,0.1924669275617807,0.4568104466688382,0.2195094685916645,0.5357466121248643,0.352426999897937,0.5767294848143322,0.3839269290445168,0.342304826402823,0.4687418636145494,0.048075864719001084,0.3572992416612377,0.3027984174013029,most_liked
0,2024-10-25,0.18816054196182344,0.14804229434174515,0.25439375167541795,0.3472535230084332,0.35337552742616035,0.6466244725738397,0.17827004219409281,0.04008438818565401,0.0,0.1350210970464135,0.129524673231962,0.011751538310727847,0.028799441716772154,0.07684075443280591,0.07181650608069619,0.020991365695675106,0.4678687574335443,0.32320710000210967,0.20370003482646412,0.27192229218776365,0.1829228284777426,0.4451593726181435,0.20370003482646412,0.5394321956824895,0.35597580892932495,0.5654324120443038,0.382757178657173,0.3400014325421941,0.467700300649789,0.03951483876708861,0.34542557225738396,0.2913227274422257,most_liked
0,2024-10-26,0.18304439555234064,0.14067699213876322,0.2620305956600809,0.35563223623141615,0.26552462526766596,0.734475374732334,0.14132762312633834,0.008565310492505354,0.0,0.11563169164882227,0.10858318652376873,0.00844422618053533,0.021866305838329766,0.05438751735695932,0.06179396056102784,0.02000195770085653,0.5151357354539614,0.3433200882087794,0.16262921844271092,0.27432078134903637,0.15382145446338327,0.5022279478008566,0.16262921844271092,0.589889594443255,0.32099809022269804,0.5543846532655246,0.33427086277623125,0.3199965019443255,0.4342879426573876,0.036612563468522485,0.33892635762312634,0.31165373777730193,most_liked
0,2024-10-27,0.1888467190613927,0.13556811092204826,0.26221884945624097,0.3631720190131387,0.2574712643678161,0.7425287356321839,0.14482758620689656,0.013793103448275862,0.0,0.09885057471264368,0.11246217956436781,0.01014469453335632,0.0289888051454023,0.057014022001379304,0.06595706310574713,0.01818276569816092,0.5044765658666667,0.3303115959218391,0.16114786422497931,0.28609670438160917,0.15563419267218392,0.49188098795862073,0.16114786422497931,0.5889885546206897,0.32597198753563217,0.5778384996965518,0.3406592827425287,0.31852787497471263,0.43252032362137927,0.03921538284390805,0.345725242229885,0.2965218524822989,most_liked
0,2024-10-28,0.17711339865441192,0.13843629185161363,0.2668557738094297,0.36629553282097593,0.25227272727272726,0.7477272727272728,0.12727272727272726,0.025,0.0,0.1,0.1448048694915909,0.018390815304749997,0.04239251895863636,0.08495229708409091,0.09236896330454546,0.024286281595681816,0.50567171,0.32914818246818184,0.15731999536093183,0.27670663765227277,0.14549666275181816,0.4750683286295454,0.15731999536093183,0.5588768355931818,0.3420307909181818,0.5659743643636364,0.3460390279477273,0.3283355200704546,0.4404906560931818,0.04790437245227273,0.35075137800000006,0.2841895888270454,most_liked
0,2024-10-29,0.1758617352478314,0.13917048562387502,0.2676179233174887,0.3718707051830015,0.2536082474226804,0.7463917525773196,0.1463917525773196,0.008247422680412371,0.0,0.09690721649484536,0.13596680985942028,0.015773140247805385,0.026044446713913046,0.07448472320393373,0.08279869683954451,0.023446455169772257,0.4982158670931676,0.3229662661552795,0.16271329194468118,0.28879379034575575,0.15376518274016562,0.4941272676128364,0.16271329194468118,0.5812295134886128,0.32785035951759833,0.5442401526501036,0.31646774397515526,0.3143495365817805,0.42954893653002074,0.0476103097679089,0.3531462349689441,0.31787377282443063,most_liked
0,2024-10-30,0.17550975510396952,0.14008764988245742,0.2727606716358291,0.3673823130138489,0.2692307692307692,0.7307692307692308,0.09230769230769231,0.015384615384615385,0.0,0.16153846153846155,0.1281183347648718,0.014577263880358975,0.027803835453589745,0.06996048207282052,0.07378806151282051,0.026495379759487174,0.4936132568538462,0.32323086617179486,0.1606744458414872,0.2838254199692308,0.14973436714666666,0.4932312264820513,0.1606744458414872,0.5652311632897437,0.32667529347179486,0.5544299034307693,0.33019572631794875,0.3168829361153846,0.4303866762153846,0.036312455769487176,0.3457107056666667,0.3270812090489743,most_liked
0,2024-10-31,0.16517053855602273,0.12652031964017557,0.28163048648035405,0.3726211941426562,0.1794871794871795,0.8205128205128205,0.07179487179487179,0.020512820512820513,0.0,0.08717948717948718,0.1255018849476923,0.012835573927358974,0.023713967279641028,0.061867632089230774,0.07087362264230768,0.027482202643846158,0.5304843991717949,0.33787479287179484,0.13410372574476923,0.2735726050538462,0.13216440128435894,0.5320024990435898,0.13410372574476923,0.5907278697025641,0.31062419806923075,0.5669010961179487,0.3068440930153846,0.31459749499230766,0.41462114816410256,0.04388054938589744,0.35776759989743595,0.3271406659220513,most_liked
0,2024-11-01,0.16883832143159003,0.1238961978865567,0.28446198032507974,0.37358533929512705,0.19466666666666665,0.8053333333333333,0.08266666666666667,0.016,0.0,0.096,0.12663376339146667,0.015009485852506667,0.024193579314293334,0.06175488620986667,0.078762436408,0.0289059254128,0.5563978365306667,0.3447783852826667,0.13225427569568002,0.26865847774133333,0.1305096211232,0.5573512898026667,0.13225427569568002,0.6096682706826667,0.2992022507413333,0.5461384527226667,0.27946657031573335,0.29944321992533335,0.4014533693893333,0.0541156188848,0.34984320696,0.3095204659777333,most_liked
0,2024-11-02,0.17624576500168554,0.13529113172578117,0.2702098294658951,0.36533228358224273,0.25,0.75,0.10263157894736842,0.031578947368421054,0.0,0.11315789473684211,0.14563960989710528,0.02129774928013158,0.03292769964342105,0.07916330457236842,0.0940810760513158,0.02593948304105263,0.5157967644947369,0.3232516306973684,0.148909288089,0.2781968812763158,0.14100476150263158,0.5078740854,0.148909288089,0.5676273849000001,0.34146179655526315,0.5463415292842105,0.33460652458,0.3249061851868421,0.42789090885,0.06099000224210527,0.3374772460789474,0.3034430077723684,most_liked
0,2024-11-03,0.16750010732675838,0.13614544784980462,0.2753620913018853,0.353744381144819,0.2564102564102564,0.7435897435897436,0.1351981351981352,0.016317016317016316,0.0,0.1048951048951049,0.15869799723962702,0.018440244755431236,0.032268351726806525,0.0857265243925408,0.10356216843939393,0.026048168918181822,0.5004958507062937,0.3148105134009324,0.1475625512402564,0.2775749791608392,0.13703904185011653,0.4940261195361305,0.1475625512402564,0.5689579826037295,0.34375091309090916,0.5562664288648019,0.33933010480652676,0.3205931911608392,0.42391401192540795,0.06581399117762238,0.35379849571095573,0.2760934335219114,most_liked
0,2024-11-04,0.1792662202019815,0.13895636797370808,0.2745358864399227,0.35042494590822104,0.2550335570469799,0.7449664429530201,0.11409395973154363,0.015659955257270694,0.0,0.12527964205816555,0.13999231107360177,0.014563820986442952,0.02956262993982103,0.0760020279440716,0.08847197947986578,0.0247369237541387,0.5131415624876957,0.3451190799261745,0.1635230299674273,0.2889623049552572,0.15931056171834454,0.5092673388814317,0.1635230299674273,0.5712359429731544,0.34165232476957497,0.5566388171085012,0.3521293063131991,0.3311022654340045,0.43869748568903805,0.053643536422818786,0.3462096641163311,0.258851270052349,most_liked
0,2024-11-05,0.1694046782279109,0.14573867170232857,0.2793517574600505,0.34864799464247886,0.31235955056179776,0.6876404494382022,0.14831460674157304,0.02247191011235955,0.0,0.1393258426966292,0.13680093543685393,0.015016355817865168,0.02837736567460674,0.07208339410539324,0.08144252783595507,0.02797286062247191,0.5050518918022472,0.3466724433101123,0.17998719627577528,0.27933466167865173,0.16391889949662924,0.4892094056292135,0.17998719627577528,0.5754416252269663,0.3354384009325842,0.5502525355314608,0.35713329041573033,0.3281686705235956,0.44144796675280895,0.046285937077303364,0.3500204161573034,0.281060870965618,most_liked
0,2024-11-06,0.15816178992045699,0.159210957000377,0.29413081577944533,0.30830108394190947,0.47235023041474655,0.5276497695852534,0.2465437788018433,0.027649769585253458,0.0,0.195852534562212,0.1684716855060185,0.019809472303587962,0.04298564786481481,0.09276365796782406,0.1035942130324074,0.02971906881898148,0.5503601913912037,0.40700792114120365,0.20110038771395833,0.25212463930555556,0.16432184692060187,0.47623022855092595,0.20110038771395833,0.5605125463125,0.38728843252314815,0.6082771543055556,0.4603976352245371,0.36567933051388885,0.5051587738611111,0.05367587025949074,0.3473117599768519,0.20540810451712962,most_liked
0,2024-11-07,0.1501291520510088,0.158275334547986,0.30263587127567504,0.30250709920245056,0.41119221411192214,0.5888077858880778,0.26277372262773724,0.0170316301703163,0.0,0.13138686131386862,0.16761172965759805,0.019543991934264707,0.04264293230465687,0.09507121180416667,0.10812192082107842,0.02290225810710784,0.5937788998676471,0.44521873650000005,0.2016589791122549,0.2655178718455883,0.16376779115294118,0.5249206504289216,0.2016589791122549,0.5868175935588236,0.3682295252892157,0.5773746779607843,0.4385393286029411,0.3525393466421569,0.47830803808578426,0.05189157700441177,0.3488463990441177,0.25267341845284313,most_liked
0,2024-11-08,0.15358393247547844,0.1537190897554431,0.29282258303785036,0.3236848211261277,0.2732732732732733,0.7267267267267268,0.18018018018018017,0.003003003003003003,0.0,0.09009009009009009,0.1476534110087087,0.018775427847537537,0.03653013130345345,0.07796621318888888,0.09960176110360358,0.023690203463063064,0.5911568628048048,0.40838918009609604,0.17696275479087087,0.3017688825015015,0.15475235534234236,0.5200827533243243,0.17696275479087087,0.5991127079159159,0.3421568223153153,0.5323271862312312,0.377526335009009,0.3218534203903904,0.4425835035324324,0.05222947266846847,0.3515698054654654,0.30521108981291295,most_liked
0,2024-11-09,0.16638776776938258,0.14593475496886954,0.28328173962965414,0.32892015728667295,0.2591240875912409,0.7408759124087592,0.1624087591240876,0.01824817518248175,0.0,0.07846715328467153,0.13755957646430655,0.01914137901584489,0.030509271504846718,0.07502640975072992,0.08946439788777373,0.024555354022992703,0.5659078275748176,0.3745677286770073,0.1612390543388139,0.28584881593613143,0.15244096580145985,0.5269338260620438,0.1612390543388139,0.597570101091241,0.33853282147262775,0.5293832239536678,0.364070242970803,0.3216259246569343,0.43264990158448907,0.04175889361259123,0.34298467631386864,0.2958579766649635,most_liked
0,2024-11-10,0.17029997931788443,0.139490551855464,0.28405644719212697,0.34088106251998834,0.2757731958762887,0.7242268041237113,0.16752577319587628,0.015463917525773196,0.0,0.09278350515463918,0.13433168634159792,0.013459591712301546,0.03417814372578866,0.07321350566855671,0.08078885658247423,0.02196512612345361,0.5677745538479382,0.3768770682963917,0.17012466400533507,0.3017473765798969,0.16232796837422683,0.526298307291237,0.17012466400533507,0.597713606943299,0.3397706315773196,0.5355166359922681,0.36249929690721655,0.32307595347938145,0.43424046134536076,0.050779223368041235,0.3452354094587629,0.288025667106701,most_liked
0,2024-11-11,0.17263709320686757,0.1354473781179298,0.28133099515160376,0.34337871745228765,0.23927765237020315,0.7607223476297968,0.08803611738148984,0.020316027088036117,0.0,0.1309255079006772,0.12398189386862302,0.014027626087936796,0.021989955700948083,0.06602222058013543,0.07944614684085778,0.017927917174040634,0.5643272743047404,0.37471998303386,0.1918000920906546,0.2781396457352145,0.16881720865846503,0.5191068179345373,0.1918000920906546,0.6156688811647856,0.3093988184379233,0.5053454908002257,0.3397055153306998,0.2935513885598194,0.3986660076997742,0.04306494955801354,0.35191354580135437,0.32811592508036114,most_liked
0,2024-11-12,0.169757386886484,0.1378449220087502,0.2842490139243367,0.34100294313751733,0.2754880694143167,0.7245119305856833,0.12581344902386118,0.04121475054229935,0.0,0.10845986984815618,0.12904586905010845,0.011316943625271152,0.023324951978828633,0.07329981589457703,0.07479866438286334,0.01911614333362256,0.5624422701236442,0.3633423235032538,0.19059238994492408,0.29524779554013014,0.168314962043167,0.537913075751627,0.19059238994492408,0.6043138865618222,0.3272725853926247,0.4977076917765727,0.35984911794360086,0.3038822337418655,0.4188846380954447,0.037340437667895875,0.3474138698915401,0.3176497090363774,most_liked
0,2024-11-13,0.17599277008381922,0.1483564697923363,0.2713314987865788,0.3423401902977956,0.329004329004329,0.670995670995671,0.15151515151515152,0.025974025974025976,0.0,0.15151515151515152,0.1162562497439394,0.010452658596515152,0.020958614133203466,0.06513768655649352,0.06213485181060606,0.019696858505194804,0.513997822461039,0.3245226209177489,0.18988081822876626,0.3014619243376623,0.16788975799718617,0.4755522140497835,0.18988081822876626,0.5806782258008658,0.3412850064090909,0.5070593764329006,0.36036587739826836,0.31311639125324675,0.43889720489025974,0.038591113091341986,0.3474413325757576,0.3124438826090909,most_liked
0,2024-11-14,0.17667436184616298,0.1567214612618216,0.2657400402757857,0.3299004020503698,0.3333333333333333,0.6666666666666667,0.14861995753715498,0.029723991507430998,0.0,0.15498938428874734,0.13246606120659574,0.013831705288808512,0.023332276962765956,0.0783573585280851,0.07533523650531915,0.02187581102957447,0.493853575793617,0.31323160138085104,0.17934330320576575,0.26911516093829785,0.15531184841702125,0.4622225248680851,0.17934330320576575,0.5560801086553191,0.36194312092340425,0.5298321468308511,0.3675977520361702,0.33297969167021274,0.45963985450808514,0.045791864178723406,0.3432074482978723,0.27628098851276595,most_liked
0,2024-11-15,0.16904644593127868,0.1521442623992511,0.27486698524694525,0.33087682655272493,0.3645833333333333,0.6354166666666667,0.19791666666666666,0.0125,0.0,0.15416666666666667,0.13873739332916665,0.011059647696833331,0.02410121099,0.08260025626479166,0.07316270344791667,0.022590338040416665,0.515562035325,0.3454719069604167,0.18142148359079166,0.28203552602291665,0.16071120010458334,0.47009444686874996,0.18142148359079166,0.5528852327020833,0.3745636661158333,0.5338671385958335,0.38307270552916667,0.3519881978897917,0.47257954888125003,0.045190325063333335,0.34874667074999993,0.28169090135012503,most_liked
0,2024-11-16,0.16242495388596215,0.15634994651488893,0.27812905679073807,0.32061314728567325,0.32604735883424407,0.6739526411657559,0.17304189435336975,0.01639344262295082,0.0,0.1366120218579235,0.1429476329727451,0.01291289462874902,0.02984925132900392,0.07983077441215684,0.07790286190529412,0.030666861141372553,0.5175472847196078,0.3617011372823529,0.19102293156935293,0.3028834079980392,0.16872685186450984,0.4672453501960784,0.19102293156935293,0.5646183466803921,0.3632406775823529,0.5309379786882352,0.3687325837607843,0.34856267862745094,0.46445934847843134,0.05076822086980392,0.3506555249215686,0.2630714031298039,most_liked
0,2024-11-17,,,,,,,,,,,,,,,,,,,,,,,,,,,,,,,,,most_liked
0,2024-11-18,0.16767157383083578,0.1552863870130246,0.2871336119630969,0.31330470740795135,0.3674698795180723,0.6325301204819277,0.21686746987951808,0.03614457831325301,0.0,0.1144578313253012,0.1441552696445783,0.010672837705481927,0.03261575299096386,0.08441752631084339,0.0737912603072289,0.02769301843855422,0.5403266608313253,0.3649647458915662,0.19021749310277106,0.28574441393975897,0.16266588049096387,0.47323820771686753,0.19021749310277106,0.5566685925903615,0.39408024606024095,0.5479742697590361,0.42343772848192773,0.36090283166867465,0.4901853245361446,0.046301877115662644,0.3427400253614458,0.23014115670180724,most_liked
0,2024-11-19,0.1731593597176678,0.15569046775361042,0.2626928374657542,0.33214004843176664,0.4009216589861751,0.599078341013825,0.22350230414746544,0.04838709677419355,0.0,0.12903225806451613,0.14820119330414744,0.014471942973686636,0.03439011274239631,0.08959051280852533,0.07897987244930876,0.021563719911059907,0.49096115038479266,0.34938362560138253,0.1993680675983871,0.2753309049124424,0.1814972086329493,0.45094985686405525,0.1993680675983871,0.5337407052626728,0.3914252783571428,0.5592626354331798,0.41437734065437787,0.3670851282889401,0.4960380938548387,0.046802277485944704,0.34227456891705066,0.2426926625029954,most_liked
0,2024-11-20,0.16581085169193696,0.16002821569540063,0.2708348404996249,0.3129371114075184,0.43548387096774194,0.564516129032258,0.22983870967741934,0.04032258064516129,0.0,0.16532258064516128,0.14287583596612904,0.012654399363749999,0.030806238668145164,0.09113973032580645,0.07396581758669356,0.02296806716814516,0.5119201292177419,0.3664998141290322,0.18747904665322582,0.27261014512096776,0.16991869995725808,0.45930881875403223,0.18747904665322582,0.5261413289717742,0.42526672837096774,0.5666991347016129,0.4490426115241936,0.3970617341854839,0.5130272734556451,0.04907996891491936,0.3439133491532258,0.24548929759112903,most_liked
0,2024-11-21,0.15980259445495903,0.154511816634406,0.27454694393541546,0.30556560533061145,0.40160642570281124,0.5983935742971888,0.25301204819277107,0.012048192771084338,0.0,0.13654618473895583,0.1586545478955823,0.016342123607349397,0.05161412605100401,0.09745986799678714,0.08385196960441767,0.025704149054618472,0.5294416647991967,0.40010497658232935,0.20968248397477912,0.29623430796385547,0.17815201722088353,0.45906923781526104,0.20968248397477912,0.5505496139759036,0.4151371514578313,0.5463581076626507,0.4447709187028112,0.3927062775903615,0.5083320112289156,0.05286740085020081,0.3516227990763052,0.20681624405301202,most_liked
0,2024-11-22,0.16458498292627768,0.1578737317609626,0.27612468534828843,0.3319285087253865,0.37668161434977576,0.6233183856502242,0.21524663677130046,0.03139013452914798,0.0,0.13004484304932734,0.13344354815470855,0.010025858880022423,0.027006090083251118,0.0747225395780269,0.06629578360762332,0.024838421900224214,0.4933046405022421,0.34146965587780276,0.18427084853585202,0.2938660347556054,0.16538139805403587,0.4500383726816144,0.18427084853585202,0.5477077138049328,0.38663456280269054,0.5535015644058296,0.38282001160089685,0.36800115641793724,0.47505382098991034,0.055094376796412554,0.34490723327354256,0.2590476878941704,most_liked
0,2024-11-23,0.1720204040466342,0.15825950355792884,0.2750316644378472,0.3110946530359797,0.40234375,0.59765625,0.2421875,0.0390625,0.0,0.12109375,0.170876507840625,0.019570010076328123,0.040116571882421875,0.10384197886640625,0.106422192734375,0.018421484855859375,0.5296438540195313,0.35914878733203126,0.18308899812296836,0.27730864053125004,0.17025831087265625,0.47589961849999995,0.18308899812296836,0.5582670399726561,0.4024164624882813,0.5577424482285156,0.4282795727890625,0.3740171136875,0.4901178669355468,0.07214128317148438,0.35713127953125,0.23808907436640622,most_liked
0,2024-11-24,0.16156182431821095,0.16925342850345002,0.28757980280676804,0.295552749733972,0.3728813559322034,0.6271186440677966,0.24293785310734464,0.005649717514124294,0.0,0.12429378531073447,0.14522657029209038,0.015077775659774011,0.032549945129378526,0.08064327803954802,0.09512260009322034,0.021347857462711863,0.5470655029661017,0.33622308531073447,0.16437226183163844,0.31223942698870055,0.15724087986158192,0.4917702903728814,0.16437226183163844,0.5553703460734464,0.38973684311299434,0.5213982285225989,0.43687810227683616,0.3685815954858757,0.4836460083446327,0.04336513656553672,0.33799721485875706,0.2403462079241243,most_liked
0,2024-11-25,0.17131388814479018,0.18312943423723868,0.2534136350275619,0.31079527457810674,0.5305466237942122,0.46945337620578775,0.26366559485530544,0.08360128617363344,0.0,0.1832797427652733,0.1258447056166667,0.010941912665065359,0.02929404853267974,0.07709964860784314,0.06542000765849675,0.025443654452287582,0.4257712117810457,0.33308771983006535,0.22971406444509804,0.2679508221960784,0.19731750143006538,0.3934797370457517,0.22971406444509804,0.4999776270915033,0.3842661981339869,0.5792756195228758,0.43706169802941175,0.3875901415457516,0.5277775211732026,0.03563324196928105,0.3242472738235294,0.20910315734980392,most_liked
0,2024-11-26,0.18822858004298593,0.16243486238111343,0.2544248989117997,0.33231779306328724,0.4191829484902309,0.580817051509769,0.19538188277087035,0.04085257548845471,0.0,0.18294849023090587,0.1196319577577904,0.012352799765101244,0.02572824898721137,0.06785249005133215,0.06596745968650089,0.020826786172113674,0.397853143250444,0.3100621500213144,0.22478208932401422,0.26306699046536414,0.19115132688063943,0.39323018058259324,0.22478208932401422,0.49462347861101247,0.35440886712433395,0.5665574671367674,0.40817251534227356,0.3451046854920071,0.4927878609396093,0.03895862556127886,0.34864329914742453,0.28821883746028415,most_liked
0,2024-11-27,0.1838764650634726,0.16492074541543109,0.25717915516882384,0.32259832262485794,0.40217391304347827,0.5978260869565217,0.16847826086956522,0.04021739130434782,0.0,0.1923913043478261,0.1245198937977802,0.008120423705852014,0.029063943047570186,0.07170759210032644,0.06393102692056583,0.021378341391838956,0.44050769446028293,0.3346502485865071,0.23305355157462448,0.28216540193035905,0.20251183631468986,0.40350265862132756,0.23305355157462448,0.5246803239651796,0.3615733359390642,0.5686967553928183,0.4057809815272035,0.3482383609923831,0.4848378552491839,0.03275657713550598,0.3452413352557127,0.2794717772973885,most_liked
0,2024-11-28,0.16886511887685302,0.15244232152313106,0.2748571305853151,0.3301152634375104,0.34328358208955223,0.6567164179104478,0.1791044776119403,0.026119402985074626,0.0,0.13805970149253732,0.13408543630429104,0.014677460939160447,0.027009985418843283,0.07720118683152986,0.07582398126119402,0.026370911708022388,0.5158291882574627,0.3595156494328358,0.20975508209021457,0.2656807164354478,0.17725166110111942,0.4720825556343283,0.20975508209021457,0.576423332005597,0.3459154108246268,0.5420928278376866,0.3842317593835821,0.3373953420037314,0.4593208729141791,0.041108711961194026,0.3566702840485074,0.2624979169807836,most_liked
0,2024-11-29,0.17487932779434798,0.14262373644885593,0.2773054328247689,0.34010439724458946,0.3045045045045045,0.6954954954954955,0.12972972972972974,0.025225225225225224,0.0,0.14954954954954955,0.12714283791027028,0.014563244532504504,0.028793033657117117,0.07033664483297296,0.0707986512873874,0.023912984781621623,0.5004983152684684,0.3833580627963964,0.18557167604534236,0.25945840494306305,0.1618002950418018,0.4791713475333333,0.18557167604534236,0.5805331750558558,0.32694134080180176,0.5590302339297297,0.3702785165279279,0.327837575154955,0.44744777071171166,0.04161722851153153,0.3456329430810811,0.2822175742464324,most_liked
0,2024-11-30,0.1757822308656582,0.15569868053465294,0.27287049565322236,0.3176982360414046,0.26900584795321636,0.7309941520467836,0.15789473684210525,0.02631578947368421,0.0,0.0847953216374269,0.1458717443377193,0.01326251581847953,0.026026304276023395,0.08870048289093567,0.08367469174415204,0.019872275875146197,0.5049886386959064,0.3755421508684211,0.19883815975847893,0.25604759423099416,0.168987244248538,0.45569404484502923,0.19883815975847893,0.5690222330438597,0.3760618416900585,0.5541104240409357,0.40984556566959063,0.3499383773011696,0.4708368362982456,0.05073080794327486,0.3467678063304093,0.25773022016111113,most_liked
0,2024-12-01,0.17203742893776153,0.15298750010750642,0.2679267417094329,0.32716120403578003,0.2719033232628399,0.7280966767371602,0.1540785498489426,0.015105740181268883,0.0,0.1027190332326284,0.14150115319486406,0.01014726246960725,0.02647688159637462,0.09133878803927492,0.07085200122809668,0.016832110671299094,0.5333234223413897,0.357862036918429,0.17858683841377643,0.28129948080060424,0.15779925182386706,0.4877936265861027,0.17858683841377643,0.567005428978852,0.3836511431691843,0.5598632306163142,0.3989218922930514,0.3594604985347432,0.48186616011782485,0.04223265236374622,0.3479935334441087,0.2783635994637462,most_liked
